Workbook

Sheet Emission Factors
A1: Emission Factor Register — Source of Truth: emission_factors.py
A3: Activity | B3: Emission Factor | C3: Unit | D3: Scope | E3: Source | F3: Description
A4: Electricity | B4: 0.7117 | C4: kWh | D4: Scope 2 | E4: CEA India | F4: Grid electricity consumption at institutional facilities
A5: Diesel | B5: 2.68 | C5: Litre | D5: Scope 1 | E5: IPCC 2006 | F5: Diesel consumed by backup power generators
A6: Petrol Vehicle | B6: 0.192 | C6: km | D6: Scope 3 | E6: DEFRA 2024 | F6: Institutional travel by petrol-fuelled vehicle
A7: Diesel Vehicle | B7: 0.171 | C7: km | D7: Scope 3 | E7: DEFRA 2024 | F7: Institutional travel by diesel-fuelled vehicle
A8: EV | B8: 0.716 | C8: kWh | D8: Scope 3 | E8: CEA India | F8: Electricity used to charge institutional electric vehicles
A9: College Bus | B9: 0.822 | C9: km | D9: Scope 1 | E9: GHG Protocol | F9: College-owned bus fleet used for transport
A10: Public Bus | B10: 0.105 | C10: passenger-km | D10: Scope 3 | E10: DEFRA 2024 | F10: Employee/student commute via public bus service
A11: Waste | B11: 1.9 | C11: kg | D11: Scope 3 | E11: IPCC 2006 | F11: Solid waste generated and sent for disposal/treatment
A12: Methane (CH4) | B12: 28 | C12: kg CH4 | D12: Scope 3 | E12: IPCC AR6 | F12: Fugitive methane (CH4) emissions, CO2e via GWP100
A13: Nitrous Oxide (N2O) | B13: 265 | C13: kg N2O | D13: Scope 3 | E13: IPCC AR6 | F13: Fugitive nitrous oxide (N2O) emissions, CO2e via GWP100
A15: Note: Values above are copied verbatim from EMISSION_FACTORS in emission_factors.py (the project's single source of truth) and must not be edited independently of that file.

Sheet QA Validation Log
A1: QA Validation Log — Manual vs. Python-Generated Emission Calculations
A3: Validation ID | B3: Test Case ID | C3: Activity | D3: Quantity | E3: Emission Factor | F3: Formula Used | G3: Manual Calculation | H3: Python Output | I3: Difference | J3: Tolerance | K3: Status | L3: Remarks
A4: VAL-01 | B4: TC-01 | C4: Electricity | D4: 27937.39 | E4: 0.7117 | F4: Qty (kWh) x Factor | G4: =D4*E4 -> 19883.04 | H4: 19883.04 | I4: =ABS(G4-H4) -> 3.6999998e-05 | J4: 0.01 | K4: =IF(I4<=J4,"PASS","FAIL") -> PASS | L4: Normal case — matches Test Log TC-01 pattern, dataset Day 1
A5: VAL-02 | B5: TC-02 | C5: Diesel | D5: 96.56 | E5: 2.68 | F5: Qty (Litre) x Factor | G5: =D5*E5 -> 258.7808 | H5: 258.7808 | I5: =ABS(G5-H5) -> 0 | J5: 0.01 | K5: =IF(I5<=J5,"PASS","FAIL") -> PASS | L5: Normal case — Generator diesel, dataset Day 1
A6: VAL-03 | B6: TC-03 | C6: Petrol Vehicle | D6: 120 | E6: 0.192 | F6: Qty (km) x Factor | G6: =D6*E6 -> 23.04 | H6: 23.04 | I6: =ABS(G6-H6) -> 0 | J6: 0.01 | K6: =IF(I6<=J6,"PASS","FAIL") -> PASS | L6: Normal case — standard commute distance
A7: VAL-04 | B7: TC-04 | C7: Diesel Vehicle | D7: 60 | E7: 0.171 | F7: Qty (km) x Factor | G7: =D7*E7 -> 10.26 | H7: 10.26 | I7: =ABS(G7-H7) -> 1.7763568e-15 | J7: 0.01 | K7: =IF(I7<=J7,"PASS","FAIL") -> PASS | L7: Normal case — standard commute distance
A8: VAL-05 | B8: TC-05 | C8: EV | D8: 35 | E8: 0.716 | F8: Qty (kWh) x Factor | G8: =D8*E8 -> 25.06 | H8: 25.06 | I8: =ABS(G8-H8) -> 0 | J8: 0.01 | K8: =IF(I8<=J8,"PASS","FAIL") -> PASS | L8: Normal case — EV charging session
A9: VAL-06 | B9: TC-06 | C9: College Bus | D9: 182.79 | E9: 0.822 | F9: Qty (km) x Factor | G9: =D9*E9 -> 150.25338 | H9: 150.2534 | I9: =ABS(G9-H9) -> 2e-05 | J9: 0.01 | K9: =IF(I9<=J9,"PASS","FAIL") -> PASS | L9: Normal case — dataset Day 1
A10: VAL-07 | B10: TC-07 | C10: Public Bus | D10: 300 | E10: 0.105 | F10: Qty (passenger-km) x Factor | G10: =D10*E10 -> 31.5 | H10: 31.5 | I10: =ABS(G10-H10) -> 0 | J10: 0.01 | K10: =IF(I10<=J10,"PASS","FAIL") -> PASS | L10: Normal case — standard commute batch
A11: VAL-08 | B11: TC-08 | C11: Waste | D11: 718.76 | E11: 1.9 | F11: Qty (kg) x Factor | G11: =D11*E11 -> 1365.644 | H11: 1365.644 | I11: =ABS(G11-H11) -> 0 | J11: 0.01 | K11: =IF(I11<=J11,"PASS","FAIL") -> PASS | L11: Normal case — dataset Day 1
A12: VAL-09 | B12: TC-09 | C12: Methane (CH4) | D12: 23 | E12: 28 | F12: Qty (kg CH4) x GWP100 Factor | G12: =D12*E12 -> 644 | H12: 644 | I12: =ABS(G12-H12) -> 0 | J12: 0.01 | K12: =IF(I12<=J12,"PASS","FAIL") -> PASS | L12: Normal case — fugitive emission estimate
A13: VAL-10 | B13: TC-10 | C13: Nitrous Oxide (N2O) | D13: 12 | E13: 265 | F13: Qty (kg N2O) x GWP100 Factor | G13: =D13*E13 -> 3180 | H13: 3180 | I13: =ABS(G13-H13) -> 0 | J13: 0.01 | K13: =IF(I13<=J13,"PASS","FAIL") -> PASS | L13: Normal case — fugitive emission estimate
A14: VAL-11 | B14: TC-11 | C14: Electricity | D14: 0 | E14: 0.7117 | F14: Qty (kWh) x Factor | G14: =D14*E14 -> 0 | H14: 0 | I14: =ABS(G14-H14) -> 0 | J14: 0.01 | K14: =IF(I14<=J14,"PASS","FAIL") -> PASS | L14: Edge case: zero input — boundary handled
A15: VAL-12 | B15: TC-12 | C15: Waste | D15: 0 | E15: 1.9 | F15: Qty (kg) x Factor | G15: =D15*E15 -> 0 | H15: 0 | I15: =ABS(G15-H15) -> 0 | J15: 0.01 | K15: =IF(I15<=J15,"PASS","FAIL") -> PASS | L15: Edge case: zero input — boundary handled
... A17: VAL-14 | B17: TC-14 | C17: College Bus | D17: 130.75 | E17: 0.822 | F17: Qty (km) x Factor | G17: =D17*E17 -> 107.4765 | H17: 107.4765 | I17: =ABS(G17-H17) -> 1.4210855e-14 | J17: 0.01 | K17: =IF(I17<=J17,"PASS","FAIL") -> PASS | L17: Cross-check — dataset Day 9 (holiday)
A19: Python Output values reflect the reference run of calculate_*_emissions() functions for the corresponding module inputs, recorded independently of this worksheet's formulas.

Sheet Manual Validation
A1: Manual Validation — Sample Records from institutional_dataset.csv
A2: Six records were sampled across the dataset (Days 1, 61, 121, 181, 241, 301) to cover seasonal variation. Only activities with a corresponding column in the dataset and a matching factor in emission_factors.py are validated: Electricity, Diesel (generator), College Bus, and Waste.
A4: Day | B4: Activity | C4: Quantity | D4: x | E4: Emission Factor | F4: = | G4: Manual Emission (kg CO2e) | H4: Python Output (kg CO2e) | I4: Difference | J4: Tolerance | K4: Status | L4: Scope
A5: 1 | B5: Electricity | C5: 27937.39 | D5: x | E5: 0.7117 | F5: = | G5: =C5*E5 -> 19883.04 | H5: 19883.04 | I5: =ABS(G5-H5) -> 3.6999998e-05 | J5: 0.01 | K5: =IF(I5<=J5,"PASS","FAIL") -> PASS | L5: Scope 2
A6: 1 | B6: Diesel (Generator) | C6: 96.56 | D6: x | E6: 2.68 | F6: = | G6: =C6*E6 -> 258.7808 | H6: 258.7808 | I6: =ABS(G6-H6) -> 0 | J6: 0.01 | K6: =IF(I6<=J6,"PASS","FAIL") -> PASS | L6: Scope 1
A7: 1 | B7: College Bus | C7: 182.79 | D7: x | E7: 0.822 | F7: = | G7: =C7*E7 -> 150.25338 | H7: 150.2534 | I7: =ABS(G7-H7) -> 2e-05 | J7: 0.01 | K7: =IF(I7<=J7,"PASS","FAIL") -> PASS | L7: Scope 1
A8: 1 | B8: Waste | C8: 718.76 | D8: x | E8: 1.9 | F8: = | G8: =C8*E8 -> 1365.644 | H8: 1365.644 | I8: =ABS(G8-H8) -> 0 | J8: 0.01 | K8: =IF(I8<=J8,"PASS","FAIL") -> PASS | L8: Scope 3
A9: Day 1 — Scope Totals | G9: =G5+G6+G7+G8 -> 21657.719 | L9: Day Total
A11: 61 | B11: Electricity | C11: 29537.7 | D11: x | E11: 0.7117 | F11: = | G11: =C11*E11 -> 21021.981 | H11: 21021.981 | I11: =ABS(G11-H11) -> 9.9999997e-06 | J11: 0.01 | K11: =IF(I11<=J11,"PASS","FAIL") -> PASS | L11: Scope 2
A12: 61 | B12: Diesel (Generator) | C12: 87.89 | D12: x | E12: 2.68 | F12: = | G12: =C12*E12 -> 235.5452 | H12: 235.5452 | I12: =ABS(G12-H12) -> 2.8421709e-14 | J12: 0.01 | K12: =IF(I12<=J12,"PASS","FAIL") -> PASS | L12: Scope 1
A13: 61 | B13: College Bus | C13: 162.27 | D13: x | E13: 0.822 | F13: = | G13: =C13*E13 -> 133.38594 | H13: 133.3859 | I13: =ABS(G13-H13) -> 4e-05 | J13: 0.01 | K13: =IF(I13<=J13,"PASS","FAIL") -> PASS | L13: Scope 1
A14: 61 | B14: Waste | C14: 683.46 | D14: x | E14: 1.9 | F14: = | G14: =C14*E14 -> 1298.574 | H14: 1298.574 | I14: =ABS(G14-H14) -> 0 | J14: 0.01 | K14: =IF(I14<=J14,"PASS","FAIL") -> PASS | L14: Scope 3
A15: Day 61 — Scope Totals | G15: =G11+G12+G13+G14 -> 22689.486 | L15: Day Total
A17: 121 | B17: Electricity | C17: 19895.45 | D17: x | E17: 0.7117 | F17: = | G17: =C17*E17 -> 14159.592 | H17: 14159.592 | I17: =ABS(G17-H17) -> 3.4999999e-05 | J17: 0.01 | K17: =IF(I17<=J17,"PASS","FAIL") -> PASS | L17: Scope 2
A18: 121 | B18: Diesel (Generator) | C18: 68.48 | D18: x | E18: 2.68 | F18: = | G18: =C18*E18 -> 183.5264 | H18: 183.5264 | I18: =ABS(G18-H18) -> 2.8421709e-14 | J18: 0.01 | K18: =IF(I18<=J18,"PASS","FAIL") -> PASS | L18: Scope 1
A19: 121 | B19: College Bus | C19: 117.41 | D19: x | E19: 0.822 | F19: = | G19: =C19*E19 -> 96.51102 | H19: 96.511 | I19: =ABS(G19-H19) -> 2e-05 | J19: 0.01 | K19: =IF(I19<=J19,"PASS","FAIL") -> PASS | L19: Scope 1
A20: 121 | B20: Waste | C20: 505.43 | D20: x | E20: 1.9 | F20: = | G20: =C20*E20 -> 960.317 | H20: 960.317 | I20: =ABS(G20-H20) -> 0 | J20: 0.01 | K20: =IF(I20<=J20,"PASS","FAIL") -> PASS | L20: Scope 3
A21: Day 121 — Scope Totals | G21: =G17+G18+G19+G20 -> 15399.946 | L21: Day Total
A23: 181 | B23: Electricity | C23: 28960.5 | D23: x | E23: 0.7117 | F23: = | G23: =C23*E23 -> 20611.188 | H23: 20611.188 | I23: =ABS(G23-H23) -> 4.9999999e-05 | J23: 0.01 | K23: =IF(I23<=J23,"PASS","FAIL") -> PASS | L23: Scope 2
A24: 181 | B24: Diesel (Generator) | C24: 96.06 | D24: x | E24: 2.68 | F24: = | G24: =C24*E24 -> 257.4408 | H24: 257.4408 | I24: =ABS(G24-H24) -> 0 | J24: 0.01 | K24: =IF(I24<=J24,"PASS","FAIL") -> PASS | L24: Scope 1
A25: 181 | B25: College Bus | C25: 185.69 | D25: x | E25: 0.822 | F25: = | G25: =C25*E25 -> 152.63718 | H25: 152.6372 | I25: =ABS(G25-H25) -> 2e-05 | J25: 0.01 | K25: =IF(I25<=J25,"PASS","FAIL") -> PASS | L25: Scope 1
A26: 181 | B26: Waste | C26: 721.62 | D26: x | E26: 1.9 | F26: = | G26: =C26*E26 -> 1371.078 | H26: 1371.078 | I26: =ABS(G26-H26) -> 0 | J26: 0.01 | K26: =IF(I26<=J26,"PASS","FAIL") -> PASS | L26: Scope 3
A27: Day 181 — Scope Totals | G27: =G23+G24+G25+G26 -> 22392.344 | L27: Day Total
A29: 241 | B29: Electricity | C29: 28390.35 | D29: x | E29: 0.7117 | F29: = | G29: =C29*E29 -> 20205.412 | H29: 20205.412 | I29: =ABS(G29-H29) -> 5.0000017e-06 | J29: 0.01 | K29: =IF(I29<=J29,"PASS","FAIL") -> PASS | L29: Scope 2
A30: 241 | B30: Diesel (Generator) | C30: 102.17 | D30: x | E30: 2.68 | F30: = | G30: =C30*E30 -> 273.8156 | H30: 273.8156 | I30: =ABS(G30-H30) -> 0 | J30: 0.01 | K30: =IF(I30<=J30,"PASS","FAIL") -> PASS | L30: Scope 1
A31: 241 | B31: College Bus | C31: 193.44 | D31: x | E31: 0.822 | F31: = | G31: =C31*E31 -> 159.00768 | H31: 159.0077 | I31: =ABS(G31-H31) -> 2e-05 | J31: 0.01 | K31: =IF(I31<=J31,"PASS","FAIL") -> PASS | L31: Scope 1
A32: 241 | B32: Waste | C32: 634.68 | D32: x | E32: 1.9 | F32: = | G32: =C32*E32 -> 1205.892 | H32: 1205.892 | I32: =ABS(G32-H32) -> 2.2737368e-13 | J32: 0.01 | K32: =IF(I32<=J32,"PASS","FAIL") -> PASS | L32: Scope 3
A33: Day 241 — Scope Totals | G33: =G29+G30+G31+G32 -> 21844.127 | L33: Day Total
A35: 301 | B35: Electricity | C35: 24855.73 | D35: x | E35: 0.7117 | F35: = | G35: =C35*E35 -> 17689.823 | H35: 17689.823 | I35: =ABS(G35-H35) -> 4.0999999e-05 | J35: 0.01 | K35: =IF(I35<=J35,"PASS","FAIL") -> PASS | L35: Scope 2
A36: 301 | B36: Diesel (Generator) | C36: 100.85 | D36: x | E36: 2.68 | F36: = | G36: =C36*E36 -> 270.278 | H36: 270.278 | I36: =ABS(G36-H36) -> 0 | J36: 0.01 | K36: =IF(I36<=J36,"PASS","FAIL") -> PASS | L36: Scope 1
A37: 301 | B37: College Bus | C37: 173.28 | D37: x | E37: 0.822 | F37: = | G37: =C37*E37 -> 142.43616 | H37: 142.4362 | I37: =ABS(G37-H37) -> 4e-05 | J37: 0.01 | K37: =IF(I37<=J37,"PASS","FAIL") -> PASS | L37: Scope 1
A38: 301 | B38: Waste | C38: 605.69 | D38: x | E38: 1.9 | F38: = | G38: =C38*E38 -> 1150.811 | H38: 1150.811 | I38: =ABS(G38-H38) -> 2.2737368e-13 | J38: 0.01 | K38: =IF(I38<=J38,"PASS","FAIL") -> PASS | L38: Scope 3
A39: Day 301 — Scope Totals | G39: =G35+G36+G37+G38 -> 19253.348 | L39: Day Total
A42: Scope-wise Carbon Footprint — All Sampled Records
A43: Scope | B43: Activities Included | C43: Total Emission (kg CO2e)
A44: Scope 1 | B44: Diesel (Generator) + College Bus | C44: =G6+G12+G18+G24+G30+G36+G7+G13+G19+G25+G31+G37 -> 2313.6182
A45: Scope 2 | B45: Electricity | C45: =G5+G11+G17+G23+G29+G35 -> 113571.04
A46: Scope 3 | B46: Waste | C46: =G8+G14+G20+G26+G32+G38 -> 7352.316
A47: TOTAL | B47: Scope 1 + Scope 2 + Scope 3 | C47: =C44+C45+C46 -> 123236.97

Sheet QA Summary
A1: QA Summary — Module 1: Carbon Accounting
A3: Validation Statistics
A4: Total Validation Records | B4: =COUNTA('QA Validation Log'!$K$4:$K$17) -> 14
A5: Passed | B5: =COUNTIF('QA Validation Log'!$K$4:$K$17,"PASS") -> 14
A6: Failed | B6: =COUNTIF('QA Validation Log'!$K$4:$K$17,"FAIL") -> 0
A7: Accuracy % | B7: =B5/B4 -> 1
A8: Maximum Difference | B8: =MAX('QA Validation Log'!$I$4:$I$17) -> 3.6999998e-05
A9: Minimum Difference | B9: =MIN('QA Validation Log'!$I$4:$I$17) -> 0
A10: Average Difference | B10: =AVERAGE('QA Validation Log'!$I$4:$I$17) -> 4.0714284e-06
A11: Overall QA Status | B11: =IF(B6=0,"APPROVED","REVIEW REQUIRED") -> APPROVED
A14: QA Observations
A15: • Manual calculations matched software output for every activity tested.
A16: • Emission factors were correctly applied from emission_factors.py in all cases.
A17: • Scope classification (Scope 1 / 2 / 3) is consistent with the GHG Protocol.
A18: • Zero-input edge cases were handled correctly with no calculation errors.
A19: • No mathematical discrepancies were observed across dataset-derived records.
A21: QA Conclusion
A22: The Carbon Accounting Module (Module 1) successfully generated correct greenhouse gas emissions across all tested activities. Independent manual verification, performed against the official emission factors and a sample of institutional activity data, confirmed that every calculation matched the Python-generated result within tolerance. Module 1 is therefore approved from the QA Validation perspective.
A27: Approval
A28: Prepared By | B28: Rahil Shah
A29: Role | B29: QA Validator
A30: Status | B30: APPROVED
A31: Signature | B31: ________________________
A32: Date | B32: 15-Jul-2026
A33: Comments | B33: No open defects. Recommended for inclusion in the final project submission.
